Date, Value
2017-01-01 12:00:00 AM,198.628323944544
2017-01-02 12:00:00 AM,200.76490109648
2017-01-03 12:00:00 AM,202.695127479731
2017-01-04 12:00:00 AM,204.257362153034
2017-01-05 12:00:00 AM,205.368733125664
2017-01-06 12:00:00 AM,206.0404850534
2017-01-07 12:00:00 AM,206.371101712169
2017-01-08 12:00:00 AM,206.519082180322
2017-01-09 12:00:00 AM,206.662170843407
2017-01-10 12:00:00 AM,206.953089787113
2017-01-11 12:00:00 AM,207.482606696835
2017-01-12 12:00:00 AM,208.258904337396
2017-01-13 12:00:00 AM,209.208160500171
2017-01-14 12:00:00 AM,210.195997341421
2017-01-15 12:00:00 AM,211.06430513059
2017-01-16 12:00:00 AM,211.674152122859
2017-01-17 12:00:00 AM,211.943990046815
2017-01-18 12:00:00 AM,211.873522052936
2017-01-19 12:00:00 AM,211.547133152216
2017-01-20 12:00:00 AM,211.115825686792
2017-01-21 12:00:00 AM,210.761917204507
2017-01-22 12:00:00 AM,210.655040747678
2017-01-23 12:00:00 AM,210.910185595653
2017-01-24 12:00:00 AM,211.55808750307
2017-01-25 12:00:00 AM,212.535322097954
2017-01-26 12:00:00 AM,213.696692686144
2017-01-27 12:00:00 AM,214.847096425967
2017-01-28 12:00:00 AM,215.78532139439
2017-01-29 12:00:00 AM,216.349327539546
2017-01-30 12:00:00 AM,216.452205449356
2017-01-31 12:00:00 AM,216.100275882664
2017-02-01 12:00:00 AM,215.38913537003
2017-02-02 12:00:00 AM,214.478807570202
2017-02-03 12:00:00 AM,213.554218288123
2017-02-04 12:00:00 AM,212.780739210618
2017-02-05 12:00:00 AM,212.265681985555
2017-02-06 12:00:00 AM,212.035096336453
2017-02-07 12:00:00 AM,212.031411931098
2017-02-08 12:00:00 AM,212.132301630231
2017-02-09 12:00:00 AM,212.185901018421
2017-02-10 12:00:00 AM,212.053482270141
2017-02-11 12:00:00 AM,211.648839794601
2017-02-12 12:00:00 AM,210.9644523568
2017-02-13 12:00:00 AM,210.077743738846
2017-02-14 12:00:00 AM,209.135672782061
2017-02-15 12:00:00 AM,208.321239804877
2017-02-16 12:00:00 AM,207.809985486604
2017-02-17 12:00:00 AM,207.727077507658
2017-02-18 12:00:00 AM,208.115508553126
2017-02-19 12:00:00 AM,208.923279871482
2017-02-20 12:00:00 AM,210.012861779925
2017-02-21 12:00:00 AM,211.190824367565
2017-02-22 12:00:00 AM,212.250636420996
2017-02-23 12:00:00 AM,213.018434198848
2017-02-24 12:00:00 AM,213.390845048057
2017-02-25 12:00:00 AM,213.355888841226
2017-02-26 12:00:00 AM,212.992098824638
2017-02-27 12:00:00 AM,212.446295870377
2017-02-28 12:00:00 AM,211.895623072094
2017-03-01 12:00:00 AM,211.503237917415
2017-03-02 12:00:00 AM,211.37854284173
2017-03-03 12:00:00 AM,211.551652877732
2017-03-04 12:00:00 AM,211.968245167561
2017-03-05 12:00:00 AM,212.505883646408
2017-03-06 12:00:00 AM,213.007603796334
2017-03-07 12:00:00 AM,213.324279811698
2017-03-08 12:00:00 AM,213.355125700688
2017-03-09 12:00:00 AM,213.076135531794
2017-03-10 12:00:00 AM,212.549235337633
2017-03-11 12:00:00 AM,211.909672721695
2017-03-12 12:00:00 AM,211.334544224708
2017-03-13 12:00:00 AM,211.00003641735
2017-03-14 12:00:00 AM,211.037786097161
2017-03-15 12:00:00 AM,211.501051050966
2017-03-16 12:00:00 AM,212.34905119965
2017-03-17 12:00:00 AM,213.453457082377
2017-03-18 12:00:00 AM,214.625637553561
2017-03-19 12:00:00 AM,215.658241253496
2017-03-20 12:00:00 AM,216.371207358981
2017-03-21 12:00:00 AM,216.651230208936
2017-03-22 12:00:00 AM,216.475300952868
2017-03-23 12:00:00 AM,215.912826216751
2017-03-24 12:00:00 AM,215.106031020208
2017-03-25 12:00:00 AM,214.233618178602
2017-03-26 12:00:00 AM,213.466693265992
2017-03-27 12:00:00 AM,212.927788341381
2017-03-28 12:00:00 AM,212.66298667293
2017-03-29 12:00:00 AM,212.633872484769
2017-03-30 12:00:00 AM,212.73111122085
2017-03-31 12:00:00 AM,212.80611513608
2017-04-01 12:00:00 AM,212.712779553095
2017-04-02 12:00:00 AM,212.348783668325
2017-04-03 12:00:00 AM,211.686047905593
2017-04-04 12:00:00 AM,210.782603973895
2017-04-05 12:00:00 AM,209.772711115352
2017-04-06 12:00:00 AM,208.83742019131
2017-04-07 12:00:00 AM,208.162629335456
2017-04-08 12:00:00 AM,207.894801999148
2017-04-09 12:00:00 AM,208.105160727177
2017-04-10 12:00:00 AM,208.771166306617
2017-04-11 12:00:00 AM,209.779928212601
2017-04-12 12:00:00 AM,210.95288376353
2017-04-13 12:00:00 AM,212.085926064157
2017-04-14 12:00:00 AM,212.995414298507
2017-04-15 12:00:00 AM,213.559079330173
2017-04-16 12:00:00 AM,213.742089510777
2017-04-17 12:00:00 AM,213.602159469022
2017-04-18 12:00:00 AM,213.272683655093
2017-04-19 12:00:00 AM,212.928210141092
2017-04-20 12:00:00 AM,212.740835650993
2017-04-21 12:00:00 AM,212.838259302195
2017-04-22 12:00:00 AM,213.273756218693
2017-04-23 12:00:00 AM,214.015344008063
2017-04-24 12:00:00 AM,214.956651027099
2017-04-25 12:00:00 AM,215.946625848874
2017-04-26 12:00:00 AM,216.830570533274
2017-04-27 12:00:00 AM,217.492179087133
2017-04-28 12:00:00 AM,217.886004530145
2017-04-29 12:00:00 AM,218.052127194888
2017-04-30 12:00:00 AM,218.109177802251
2017-05-01 12:00:00 AM,218.22720748572
2017-05-02 12:00:00 AM,218.586883839576
2017-05-03 12:00:00 AM,219.334903063857
2017-05-04 12:00:00 AM,220.546504392764
2017-05-05 12:00:00 AM,222.204306084343
2017-05-06 12:00:00 AM,224.198756034694
2017-05-07 12:00:00 AM,226.350261558592
2017-05-08 12:00:00 AM,228.44780828747
2017-05-09 12:00:00 AM,230.294880721684
2017-05-10 12:00:00 AM,231.751733010131
2017-05-11 12:00:00 AM,232.763958439905
2017-05-12 12:00:00 AM,233.370649182369
2017-05-13 12:00:00 AM,233.690406261367
2017-05-14 12:00:00 AM,233.888838789426
2017-05-15 12:00:00 AM,234.135666959794
2017-05-16 12:00:00 AM,234.562022803974
2017-05-17 12:00:00 AM,235.228423277213
2017-05-18 12:00:00 AM,236.11120540221
2017-05-19 12:00:00 AM,237.11062471246
2017-05-20 12:00:00 AM,238.078453679606
2017-05-21 12:00:00 AM,238.858093303966
2017-05-22 12:00:00 AM,239.327112542168
2017-05-23 12:00:00 AM,239.431517461639
2017-05-24 12:00:00 AM,239.20307606311
2017-05-25 12:00:00 AM,238.755190042853
2017-05-26 12:00:00 AM,238.25809047851
2017-05-27 12:00:00 AM,237.899244295696
2017-05-28 12:00:00 AM,237.83853835285
2017-05-29 12:00:00 AM,238.169153401105
2017-05-30 12:00:00 AM,238.893717473479
2017-05-31 12:00:00 AM,239.921656903274
2017-06-01 12:00:00 AM,241.088537717663
2017-06-02 12:00:00 AM,242.192861482717
2017-06-03 12:00:00 AM,243.041548992458
2017-06-04 12:00:00 AM,243.493245649351
2017-06-05 12:00:00 AM,243.489126292424
2017-06-06 12:00:00 AM,243.063930744643
2017-06-07 12:00:00 AM,242.334777275136
2017-06-08 12:00:00 AM,241.470701871216
2017-06-09 12:00:00 AM,240.650536856681
2017-06-10 12:00:00 AM,240.019533934259
2017-06-11 12:00:00 AM,239.655374596308
2017-06-12 12:00:00 AM,239.551841075556
2017-06-13 12:00:00 AM,239.624028194293
2017-06-14 12:00:00 AM,239.733640374189
2017-06-15 12:00:00 AM,239.727948985311
2017-06-16 12:00:00 AM,239.482602932574
2017-06-17 12:00:00 AM,238.93752034346
2017-06-18 12:00:00 AM,238.116779061273
2017-06-19 12:00:00 AM,237.127354915335
2017-06-20 12:00:00 AM,236.136766116796
2017-06-21 12:00:00 AM,235.334892333984
2017-06-22 12:00:00 AM,234.889169622968
2017-06-23 12:00:00 AM,234.904051056098
2017-06-24 12:00:00 AM,235.394650090998
2017-06-25 12:00:00 AM,236.281083271821
2017-06-26 12:00:00 AM,237.405028921297
2017-06-27 12:00:00 AM,238.564639089382
2017-06-28 12:00:00 AM,239.559496600375
2017-06-29 12:00:00 AM,240.234883068297
2017-06-30 12:00:00 AM,240.514809182844
2017-07-01 12:00:00 AM,240.416009019929
2017-07-02 12:00:00 AM,240.03974229521
2017-07-03 12:00:00 AM,239.543646970628
2017-07-04 12:00:00 AM,239.100719887907
2017-07-05 12:00:00 AM,238.855594352628
2017-07-06 12:00:00 AM,238.888877719674
2017-07-07 12:00:00 AM,239.198267762383
2017-07-08 12:00:00 AM,239.700988836327
2017-07-09 12:00:00 AM,240.256804747448
2017-07-10 12:00:00 AM,240.705772504153
2017-07-11 12:00:00 AM,240.91125003557
2017-07-12 12:00:00 AM,240.797358000202
2017-07-13 12:00:00 AM,240.371444087057
2017-07-14 12:00:00 AM,239.725778204632
2017-07-15 12:00:00 AM,239.017817167372
2017-07-16 12:00:00 AM,238.433665203715
2017-07-17 12:00:00 AM,238.14352468377
2017-07-18 12:00:00 AM,238.259956077843
2017-07-19 12:00:00 AM,238.809147681584
2017-07-20 12:00:00 AM,239.7222812125
2017-07-21 12:00:00 AM,240.849227130738
2017-07-22 12:00:00 AM,241.991397252998
2017-07-23 12:00:00 AM,242.945941781624
2017-07-24 12:00:00 AM,243.550736293752
2017-07-25 12:00:00 AM,243.71943050955
2017-07-26 12:00:00 AM,243.458266063668
2017-07-27 12:00:00 AM,242.860818588415
2017-07-28 12:00:00 AM,242.082192042016
2017-07-29 12:00:00 AM,241.299176913
2017-07-30 12:00:00 AM,240.666261370509
2017-07-31 12:00:00 AM,240.278332283949
2017-08-01 12:00:00 AM,240.149193342588
2017-08-02 12:00:00 AM,240.211083230452
2017-08-03 12:00:00 AM,240.335168018916
2017-08-04 12:00:00 AM,240.367788020261
2017-08-05 12:00:00 AM,240.173335527196
2017-08-06 12:00:00 AM,239.672984769045
2017-08-07 12:00:00 AM,238.869496185787
2017-08-08 12:00:00 AM,237.851729615343
2017-08-09 12:00:00 AM,236.777489504531
2017-08-10 12:00:00 AM,235.838667147412
2017-08-11 12:00:00 AM,235.217030068466
2017-08-12 12:00:00 AM,235.041360241545
2017-08-13 12:00:00 AM,235.356381326647
2017-08-14 12:00:00 AM,236.111100316947
2017-08-15 12:00:00 AM,237.169505682302
2017-08-16 12:00:00 AM,238.341154614892
2017-08-17 12:00:00 AM,239.42436682721
2017-08-18 12:00:00 AM,240.251697115991
2017-08-19 12:00:00 AM,240.726826653814
2017-08-20 12:00:00 AM,240.844122467012
2017-08-21 12:00:00 AM,240.686348835588
2017-08-22 12:00:00 AM,240.401337308239
2017-08-23 12:00:00 AM,240.163532069017
2017-08-24 12:00:00 AM,240.129976005962
2017-08-25 12:00:00 AM,240.401600099608
2017-08-26 12:00:00 AM,240.999311026195
2017-08-27 12:00:00 AM,241.860678331238
2017-08-28 12:00:00 AM,242.857911859823
2017-08-29 12:00:00 AM,243.832547780615
2017-08-30 12:00:00 AM,244.638122089368
2017-08-31 12:00:00 AM,245.180120443905
2017-09-01 12:00:00 AM,245.443141959965
2017-09-02 12:00:00 AM,245.498344499625
2017-09-03 12:00:00 AM,245.48908378093
2017-09-04 12:00:00 AM,245.598031148484
2017-09-05 12:00:00 AM,246.003637664939
2017-09-06 12:00:00 AM,246.83648035286
2017-09-07 12:00:00 AM,248.14612303084
2017-09-08 12:00:00 AM,249.886621453702
2017-09-09 12:00:00 AM,251.924308762018
2017-09-10 12:00:00 AM,254.066108435973
2017-09-11 12:00:00 AM,256.101653347128
2017-09-12 12:00:00 AM,257.849154086347
2017-09-13 12:00:00 AM,259.194071394389
2017-09-14 12:00:00 AM,260.111421914113
2017-09-15 12:00:00 AM,260.666548409489
2017-09-16 12:00:00 AM,260.994435557667
2017-09-17 12:00:00 AM,261.262866425299
2017-09-18 12:00:00 AM,261.628618586653
2017-09-19 12:00:00 AM,262.19753993912
2017-09-20 12:00:00 AM,262.998324674163
2017-09-21 12:00:00 AM,263.976383458872
2017-09-22 12:00:00 AM,265.009211979927
2017-09-23 12:00:00 AM,265.939334576871
2017-09-24 12:00:00 AM,266.616542972718
2017-09-25 12:00:00 AM,266.938834035386
2017-09-26 12:00:00 AM,266.881744563207
2017-09-27 12:00:00 AM,266.508614743978
2017-09-28 12:00:00 AM,265.958991804163
2017-09-29 12:00:00 AM,265.417764951638
2017-09-30 12:00:00 AM,265.072383168791
2017-10-01 12:00:00 AM,265.068480526881
2017-10-02 12:00:00 AM,265.474688091839
2017-10-03 12:00:00 AM,266.265231909381
2017-10-04 12:00:00 AM,267.324632304923
2017-10-05 12:00:00 AM,268.473475372853
2017-10-06 12:00:00 AM,269.509127396701
2017-10-07 12:00:00 AM,270.251652056049
2017-10-08 12:00:00 AM,270.583949742385
2017-10-09 12:00:00 AM,270.476569771738
2017-10-10 12:00:00 AM,269.991398211353
2017-10-11 12:00:00 AM,269.263577846007
2017-10-12 12:00:00 AM,268.46631176368
2017-10-13 12:00:00 AM,267.76734386252
2017-10-14 12:00:00 AM,267.287887203902
2017-10-15 12:00:00 AM,267.074104063058
2017-10-16 12:00:00 AM,267.088097248336
2017-10-17 12:00:00 AM,267.220524984053
2017-10-18 12:00:00 AM,267.321592490825
2017-10-19 12:00:00 AM,267.242618468763
2017-10-20 12:00:00 AM,266.877742640208
2017-10-21 12:00:00 AM,266.195278419818
2017-10-22 12:00:00 AM,265.250739573206
2017-10-23 12:00:00 AM,264.178063915133
2017-10-24 12:00:00 AM,263.160919932
2017-10-25 12:00:00 AM,262.390899199074
2017-10-26 12:00:00 AM,262.022662293782
2017-10-27 12:00:00 AM,262.136915957606
2017-10-28 12:00:00 AM,262.720252299293
2017-10-29 12:00:00 AM,263.666824776581
2017-10-30 12:00:00 AM,264.801559201855
2017-10-31 12:00:00 AM,265.919388705146
2017-11-01 12:00:00 AM,266.831131035522
2017-11-02 12:00:00 AM,267.405039242187
2017-11-03 12:00:00 AM,267.594138935894
2017-11-04 12:00:00 AM,267.442950677573
2017-11-05 12:00:00 AM,267.072230949232
2017-11-06 12:00:00 AM,266.645717709093
2017-11-07 12:00:00 AM,266.327228065294
2017-11-08 12:00:00 AM,266.23876102785
2017-11-09 12:00:00 AM,266.429946686621
2017-11-10 12:00:00 AM,266.866334864294
2017-11-11 12:00:00 AM,267.439333016895
2017-11-12 12:00:00 AM,267.995235897128
2017-11-13 12:00:00 AM,268.376056470202
2017-11-14 12:00:00 AM,268.461931207044
2017-11-15 12:00:00 AM,268.204454996686
2017-11-16 12:00:00 AM,267.642505824987
2017-11-17 12:00:00 AM,266.896408193182
2017-11-18 12:00:00 AM,266.141606829152
2017-11-19 12:00:00 AM,265.568074232978
2017-11-20 12:00:00 AM,265.335217899316
2017-11-21 12:00:00 AM,265.533215331024
2017-11-22 12:00:00 AM,266.160198894232
2017-11-23 12:00:00 AM,267.120902710072
2017-11-24 12:00:00 AM,268.247198534602
2017-11-25 12:00:00 AM,269.335652170236
2017-11-26 12:00:00 AM,270.193118918535
2017-11-27 12:00:00 AM,270.679469566466
2017-11-28 12:00:00 AM,270.737266619193
2017-11-29 12:00:00 AM,270.401414034918
2017-11-30 12:00:00 AM,269.786697673451
2017-12-01 12:00:00 AM,269.056520350467
2017-12-02 12:00:00 AM,268.380697526512
2017-12-03 12:00:00 AM,267.892802825421
2017-12-04 12:00:00 AM,267.657597876424
2017-12-05 12:00:00 AM,267.656541265393
2017-12-06 12:00:00 AM,267.794872779587
2017-12-07 12:00:00 AM,267.928417451688
2017-12-08 12:00:00 AM,267.903363654865
2017-12-09 12:00:00 AM,267.599041763858
2017-12-10 12:00:00 AM,266.962958060336
2017-12-11 12:00:00 AM,266.029213856376
2017-12-12 12:00:00 AM,264.915504361487
2017-12-13 12:00:00 AM,263.799150667414
2017-12-14 12:00:00 AM,262.877782919593
2017-12-15 12:00:00 AM,262.324096853766
2017-12-16 12:00:00 AM,262.245615176268
2017-12-17 12:00:00 AM,262.659226644216
2017-12-18 12:00:00 AM,263.486728727918
2017-12-19 12:00:00 AM,264.572528469898
2017-12-20 12:00:00 AM,265.719297854348
2017-12-21 12:00:00 AM,266.733042476165
2017-12-22 12:00:00 AM,267.466783960092
2017-12-23 12:00:00 AM,267.852427522639
2017-12-24 12:00:00 AM,267.913293563536
2017-12-25 12:00:00 AM,267.754523486632
2017-12-26 12:00:00 AM,267.533966901688
2017-12-27 12:00:00 AM,267.420899869213
2017-12-28 12:00:00 AM,267.552853064969
2017-12-29 12:00:00 AM,268.001230615209
2017-12-30 12:00:00 AM,268.754180285813
2017-12-31 12:00:00 AM,269.720881465758
2018-01-01 12:00:00 AM,270.756104732776
2018-01-02 12:00:00 AM,271.69887073092
2018-01-03 12:00:00 AM,272.415531095041
2018-01-04 12:00:00 AM,272.836471677773
2018-01-05 12:00:00 AM,272.977175687368
2018-01-06 12:00:00 AM,272.938206661422
2018-01-07 12:00:00 AM,272.883843114519
2018-01-08 12:00:00 AM,273.004351322044
2018-01-09 12:00:00 AM,273.470931850214
2018-01-10 12:00:00 AM,274.394225119702
2018-01-11 12:00:00 AM,275.796455221592
2018-01-12 12:00:00 AM,277.604022754657
2018-01-13 12:00:00 AM,279.662422529667
2018-01-14 12:00:00 AM,281.769964439769
2018-01-15 12:00:00 AM,283.722232943965
2018-01-16 12:00:00 AM,285.356640971227
2018-01-17 12:00:00 AM,286.586446169379
2018-01-18 12:00:00 AM,287.416196162104
2018-01-19 12:00:00 AM,287.935117419044
2018-01-20 12:00:00 AM,288.290345915151
2018-01-21 12:00:00 AM,288.646799876709
2018-01-22 12:00:00 AM,289.143717402289
2018-01-23 12:00:00 AM,289.858638557362
2018-01-24 12:00:00 AM,290.787721024497
2018-01-25 12:00:00 AM,291.847207552839
2018-01-26 12:00:00 AM,292.895613355712
2018-01-27 12:00:00 AM,293.771062012729
2018-01-28 12:00:00 AM,294.334431750745
2018-01-29 12:00:00 AM,294.50750593278
2018-01-30 12:00:00 AM,294.296514354845
2018-01-31 12:00:00 AM,293.795015326516
2018-02-01 12:00:00 AM,293.165130833599
2018-02-02 12:00:00 AM,292.601468608567
2018-02-03 12:00:00 AM,292.286341393803
2018-02-04 12:00:00 AM,292.347075686179
2018-02-05 12:00:00 AM,292.825752369055
2018-02-06 12:00:00 AM,293.668746175882
2018-02-07 12:00:00 AM,294.738654140202
2018-02-08 12:00:00 AM,295.845790207043
2018-02-09 12:00:00 AM,296.791695036531
2018-02-10 12:00:00 AM,297.414220466117
2018-02-11 12:00:00 AM,297.623401337094
2018-02-12 12:00:00 AM,297.419605918801
2018-02-13 12:00:00 AM,296.889800679294
2018-02-14 12:00:00 AM,296.18311159306
2018-02-15 12:00:00 AM,295.471904265134
2018-02-16 12:00:00 AM,294.908106657844
2018-02-17 12:00:00 AM,294.5856065373
2018-02-18 12:00:00 AM,294.518003021222
2018-02-19 12:00:00 AM,294.637161996533
2018-02-20 12:00:00 AM,294.812860641986
2018-02-21 12:00:00 AM,294.888575673847
2018-02-22 12:00:00 AM,294.72445802058
2018-02-23 12:00:00 AM,294.236729351846
2018-02-24 12:00:00 AM,293.423578685806
2018-02-25 12:00:00 AM,292.370925902816
2018-02-26 12:00:00 AM,291.236349292979
2018-02-27 12:00:00 AM,290.21483912236
2018-02-28 12:00:00 AM,289.494524004034
2018-03-01 12:00:00 AM,289.213021446429
2018-03-02 12:00:00 AM,289.424972105572
2018-03-03 12:00:00 AM,290.088647770902
2018-03-04 12:00:00 AM,291.074925374711
2018-03-05 12:00:00 AM,292.196514627202
2018-03-06 12:00:00 AM,293.250434160615
2018-03-07 12:00:00 AM,294.063544207596
2018-03-08 12:00:00 AM,294.530239645138
2018-03-09 12:00:00 AM,294.633355446434
2018-03-10 12:00:00 AM,294.443458480982
2018-03-11 12:00:00 AM,294.096985324777
2018-03-12 12:00:00 AM,293.758841569471
2018-03-13 12:00:00 AM,293.578843201084
2018-03-14 12:00:00 AM,293.652835580683
2018-03-15 12:00:00 AM,293.998117447144
2018-03-16 12:00:00 AM,294.549225855818
2018-03-17 12:00:00 AM,295.175081769326
2018-03-18 12:00:00 AM,295.713197453113
2018-03-19 12:00:00 AM,296.01240741163
2018-03-20 12:00:00 AM,295.973446115187
2018-03-21 12:00:00 AM,295.577184967237
2018-03-22 12:00:00 AM,294.893340408775
2018-03-23 12:00:00 AM,294.06724172915
2018-03-24 12:00:00 AM,293.287631832117
2018-03-25 12:00:00 AM,292.74314772532
2018-03-26 12:00:00 AM,292.577943773214
2018-03-27 12:00:00 AM,292.857187485649
2018-03-28 12:00:00 AM,293.550805978583
2018-03-29 12:00:00 AM,294.539462943002
2018-03-30 12:00:00 AM,295.641373505487
2018-03-31 12:00:00 AM,296.653528759455
2018-04-01 12:00:00 AM,297.397431768332
2018-04-02 12:00:00 AM,297.75838845316
2018-04-03 12:00:00 AM,297.709006224414
2018-04-04 12:00:00 AM,297.311434472869
2018-04-05 12:00:00 AM,296.69808287706
2018-04-06 12:00:00 AM,296.035802454383
2018-04-07 12:00:00 AM,295.482526457383
2018-04-08 12:00:00 AM,295.147163488844
2018-04-09 12:00:00 AM,295.062677114333
2018-04-10 12:00:00 AM,295.178988640118
2018-04-11 12:00:00 AM,295.377414175972
2018-04-12 12:00:00 AM,295.50300395999
2018-04-13 12:00:00 AM,295.406703691554
2018-04-14 12:00:00 AM,294.986797353154
2018-04-15 12:00:00 AM,294.219224443905
2018-04-16 12:00:00 AM,293.169061611846
2018-04-17 12:00:00 AM,291.980060653408
2018-04-18 12:00:00 AM,290.844515595741
2018-04-19 12:00:00 AM,289.960573179762
2018-04-20 12:00:00 AM,289.487216550338
2018-04-21 12:00:00 AM,289.507776017189
2018-04-22 12:00:00 AM,290.010797241438
2018-04-23 12:00:00 AM,290.892917610097
2018-04-24 12:00:00 AM,291.983084892578
2018-04-25 12:00:00 AM,293.08229584052
2018-04-26 12:00:00 AM,294.009294451205
2018-04-27 12:00:00 AM,294.641261561878
2018-04-28 12:00:00 AM,294.939790903998
2018-04-29 12:00:00 AM,294.956070129276
2018-04-30 12:00:00 AM,294.814280236499
2018-05-01 12:00:00 AM,294.677545684831
2018-05-02 12:00:00 AM,294.705008938097
2018-05-03 12:00:00 AM,295.010730722371
2018-05-04 12:00:00 AM,295.634612844548
2018-05-05 12:00:00 AM,296.532531094914
2018-05-06 12:00:00 AM,297.588092422859
2018-05-07 12:00:00 AM,298.643066266237
2018-05-08 12:00:00 AM,299.538902350513
2018-05-09 12:00:00 AM,300.158975966655
2018-05-10 12:00:00 AM,300.460978749384
2018-05-11 12:00:00 AM,300.491255711042
2018-05-12 12:00:00 AM,300.3772962537
2018-05-13 12:00:00 AM,300.299939959264
2018-05-14 12:00:00 AM,300.451846293001
2018-05-15 12:00:00 AM,300.992178327496
2018-05-16 12:00:00 AM,302.008429227908
2018-05-17 12:00:00 AM,303.494633782782
2018-05-18 12:00:00 AM,305.351264813047
2018-05-19 12:00:00 AM,307.406876862318
2018-05-20 12:00:00 AM,309.456305072248
2018-05-21 12:00:00 AM,311.30623777047
2018-05-22 12:00:00 AM,312.817229861687
2018-05-23 12:00:00 AM,313.932136115647
2018-05-24 12:00:00 AM,314.684293101291
2018-05-25 12:00:00 AM,315.183744181717
2018-05-26 12:00:00 AM,315.58516742379
2018-05-27 12:00:00 AM,316.045618465257
2018-05-28 12:00:00 AM,316.6826509456
2018-05-29 12:00:00 AM,317.543228686217
2018-05-30 12:00:00 AM,318.591136153607
2018-05-31 12:00:00 AM,319.715993776342
2018-06-01 12:00:00 AM,320.761622970753
2018-06-02 12:00:00 AM,321.566699391174
2018-06-03 12:00:00 AM,322.007562910302
2018-06-04 12:00:00 AM,322.032474532918
2018-06-05 12:00:00 AM,321.67866848537
2018-06-06 12:00:00 AM,321.067740393812
2018-06-07 12:00:00 AM,320.380214415657
2018-06-08 12:00:00 AM,319.815245400806
2018-06-09 12:00:00 AM,319.545083737617
2018-06-10 12:00:00 AM,319.675259529808
2018-06-11 12:00:00 AM,320.220100850961
2018-06-12 12:00:00 AM,321.099512940104
2018-06-13 12:00:00 AM,322.157810127841
2018-06-14 12:00:00 AM,323.200062895204
2018-06-15 12:00:00 AM,324.03719924949
2018-06-16 12:00:00 AM,324.529012504708
2018-06-17 12:00:00 AM,324.614784080217
2018-06-18 12:00:00 AM,324.324291091638
2018-06-19 12:00:00 AM,323.766783023279
2018-06-20 12:00:00 AM,323.100900119618
2018-06-21 12:00:00 AM,322.493149386842
2018-06-22 12:00:00 AM,322.075316819129
2018-06-23 12:00:00 AM,321.91140262477
2018-06-24 12:00:00 AM,321.982272072867
2018-06-25 12:00:00 AM,322.191808136732
2018-06-26 12:00:00 AM,322.393016479751
2018-06-27 12:00:00 AM,322.427579254925
2018-06-28 12:00:00 AM,322.16899886338
2018-06-29 12:00:00 AM,321.558541610286
2018-06-30 12:00:00 AM,320.624915339548
2018-07-01 12:00:00 AM,319.482574899182
2018-07-02 12:00:00 AM,318.308776626911
2018-07-03 12:00:00 AM,317.304718477841
2018-07-04 12:00:00 AM,316.650028296007
2018-07-05 12:00:00 AM,316.461536093747
2018-07-06 12:00:00 AM,316.766274640238
2018-07-07 12:00:00 AM,317.495235461985
2018-07-08 12:00:00 AM,318.49939713555
2018-07-09 12:00:00 AM,319.584161837243
2018-07-10 12:00:00 AM,320.553897552667
2018-07-11 12:00:00 AM,321.255869693953
2018-07-12 12:00:00 AM,321.613044391931
2018-07-13 12:00:00 AM,321.638004848915
2018-07-14 12:00:00 AM,321.42486424661
2018-07-15 12:00:00 AM,321.121446190439
2018-07-16 12:00:00 AM,320.888817512541
2018-07-17 12:00:00 AM,320.858320956819
2018-07-18 12:00:00 AM,321.096819089986
2018-07-19 12:00:00 AM,321.588790677889
2018-07-20 12:00:00 AM,322.239727266587
2018-07-21 12:00:00 AM,322.89999169458
2018-07-22 12:00:00 AM,323.403220317738
2018-07-23 12:00:00 AM,323.609724924882
2018-07-24 12:00:00 AM,323.44407038701
2018-07-25 12:00:00 AM,322.917386825355
2018-07-26 12:00:00 AM,322.128684616368
2018-07-27 12:00:00 AM,321.244570366419
2018-07-28 12:00:00 AM,320.462056794269
2018-07-29 12:00:00 AM,319.963322479786
2018-07-30 12:00:00 AM,319.873287935097
2018-07-31 12:00:00 AM,320.230237733253
2018-08-01 12:00:00 AM,320.976587104905
2018-08-02 12:00:00 AM,321.972028248854
2018-08-03 12:00:00 AM,323.025882997455
2018-08-04 12:00:00 AM,323.940854260392
2018-08-05 12:00:00 AM,324.5576392257
2018-08-06 12:00:00 AM,324.789707071776
2018-08-07 12:00:00 AM,324.639989001093
2018-08-08 12:00:00 AM,324.195677790603
2018-08-09 12:00:00 AM,323.602697070101
2018-08-10 12:00:00 AM,323.026363875646
2018-08-11 12:00:00 AM,322.608117311378
2018-08-12 12:00:00 AM,322.429103233737
2018-08-13 12:00:00 AM,322.489668003081
2018-08-14 12:00:00 AM,322.70985231617
2018-08-15 12:00:00 AM,322.950763058408
2018-08-16 12:00:00 AM,323.051517699739
2018-08-17 12:00:00 AM,322.872575460606
2018-08-18 12:00:00 AM,322.334646451161
2018-08-19 12:00:00 AM,321.443405230305
2018-08-20 12:00:00 AM,320.293678168918
2018-08-21 12:00:00 AM,319.051783668966
2018-08-22 12:00:00 AM,317.920055104902
2018-08-23 12:00:00 AM,317.091958122794
2018-08-24 12:00:00 AM,316.708552641038
2018-08-25 12:00:00 AM,316.826770737942
2018-08-26 12:00:00 AM,317.407149856564
2018-08-27 12:00:00 AM,318.323965962592
2018-08-28 12:00:00 AM,319.395298702356
2018-08-29 12:00:00 AM,320.425751022571
2018-08-30 12:00:00 AM,321.251512372798
2018-08-31 12:00:00 AM,321.7769362162
2018-09-01 12:00:00 AM,321.993922667573
2018-09-02 12:00:00 AM,321.979634005933
2018-09-03 12:00:00 AM,321.873385598427
2018-09-04 12:00:00 AM,321.838645606152
2018-09-05 12:00:00 AM,322.019697825376
2018-09-06 12:00:00 AM,322.503788182529
2018-09-07 12:00:00 AM,323.298179282424
2018-09-08 12:00:00 AM,324.327824164416
2018-09-09 12:00:00 AM,325.454253119147
2018-09-10 12:00:00 AM,326.511003245493
2018-09-11 12:00:00 AM,327.346802618986
2018-09-12 12:00:00 AM,327.865761886181
2018-09-13 12:00:00 AM,328.054509204604
2018-09-14 12:00:00 AM,327.989365562175
2018-09-15 12:00:00 AM,327.821524916128
2018-09-16 12:00:00 AM,327.743586813681
2018-09-17 12:00:00 AM,327.94537035427
2018-09-18 12:00:00 AM,328.569594963454
2018-09-19 12:00:00 AM,329.678093086123
2018-09-20 12:00:00 AM,331.236700210024
2018-09-21 12:00:00 AM,333.122461912522
2018-09-22 12:00:00 AM,335.151404932144
2018-09-23 12:00:00 AM,337.120155552014
2018-09-24 12:00:00 AM,338.851364775244
2018-09-25 12:00:00 AM,340.232025573618
2018-09-26 12:00:00 AM,341.235553379454
2018-09-27 12:00:00 AM,341.922506909753
2018-09-28 12:00:00 AM,342.420069683367
2018-09-29 12:00:00 AM,342.885608625942
2018-09-30 12:00:00 AM,343.463503017684
2018-10-01 12:00:00 AM,344.246046842772
2018-10-02 12:00:00 AM,345.248178512201
2018-10-03 12:00:00 AM,346.402343961126
2018-10-04 12:00:00 AM,347.574800263743
2018-10-05 12:00:00 AM,348.599345295636
2018-10-06 12:00:00 AM,349.320121923597
2018-10-07 12:00:00 AM,349.632858873208
2018-10-08 12:00:00 AM,349.514238514285
2018-10-09 12:00:00 AM,349.031947301351
2018-10-10 12:00:00 AM,348.332668438136
2018-10-11 12:00:00 AM,347.610668373584
2018-10-12 12:00:00 AM,347.064389295134
2018-10-13 12:00:00 AM,346.851422695051
2018-10-14 12:00:00 AM,347.05267725454
2018-10-15 12:00:00 AM,347.654357821884
2018-10-16 12:00:00 AM,348.552075522687
2018-10-17 12:00:00 AM,349.576060042285
2018-10-18 12:00:00 AM,350.531349170523
2018-10-19 12:00:00 AM,351.243231083889
2018-10-20 12:00:00 AM,351.596988694832
2018-10-21 12:00:00 AM,351.562439210461
2018-10-22 12:00:00 AM,351.197519291113
2018-10-23 12:00:00 AM,350.63031482777
2018-10-24 12:00:00 AM,350.02421266012
2018-10-25 12:00:00 AM,349.534967158252
2018-10-26 12:00:00 AM,349.270420867045
2018-10-27 12:00:00 AM,349.262920886483
2018-10-28 12:00:00 AM,349.461305046001
2018-10-29 12:00:00 AM,349.744473417686
2018-10-30 12:00:00 AM,349.953204973259
2018-10-31 12:00:00 AM,349.932341868706
2018-11-01 12:00:00 AM,349.572860172153
2018-11-02 12:00:00 AM,348.843317342571
2018-11-03 12:00:00 AM,347.80272388805
2018-11-04 12:00:00 AM,346.591406035028
2018-11-05 12:00:00 AM,345.401803209085
2018-11-06 12:00:00 AM,344.436062943913
2018-11-07 12:00:00 AM,343.860551860438
2018-11-08 12:00:00 AM,343.768195995841
2018-11-09 12:00:00 AM,344.157700066343
2018-11-10 12:00:00 AM,344.934626288615
2018-11-11 12:00:00 AM,345.934031520658
2018-11-12 12:00:00 AM,346.959155632407
2018-11-13 12:00:00 AM,347.8267943482
2018-11-14 12:00:00 AM,348.408417025544
2018-11-15 12:00:00 AM,348.65718513865
2018-11-16 12:00:00 AM,348.614519204718
2018-11-17 12:00:00 AM,348.394893153719
2018-11-18 12:00:00 AM,348.152872432849
2018-11-19 12:00:00 AM,348.040748330436
2018-11-20 12:00:00 AM,348.167395169749
2018-11-21 12:00:00 AM,348.568634130811
2018-11-22 12:00:00 AM,349.196514161644
2018-11-23 12:00:00 AM,349.930223693786
2018-11-24 12:00:00 AM,350.60598063516
2018-11-25 12:00:00 AM,351.058530555366
2018-11-26 12:00:00 AM,351.163973503873
2018-11-27 12:00:00 AM,350.873255000775
2018-11-28 12:00:00 AM,350.227894315975
2018-11-29 12:00:00 AM,349.353838327064
2018-11-30 12:00:00 AM,348.434667580944
2018-12-01 12:00:00 AM,347.670436718784
2018-12-02 12:00:00 AM,347.231966355223
2018-12-03 12:00:00 AM,347.221551244727
2018-12-04 12:00:00 AM,347.649526990633
2018-12-05 12:00:00 AM,348.432314432712
2018-12-06 12:00:00 AM,349.412369521563
2018-12-07 12:00:00 AM,350.395173804946
2018-12-08 12:00:00 AM,351.194298068608
2018-12-09 12:00:00 AM,351.67365932912
2018-12-10 12:00:00 AM,351.77683348359
2018-12-11 12:00:00 AM,351.536497363724
2018-12-12 12:00:00 AM,351.061965804773
2018-12-13 12:00:00 AM,350.508162227433
2018-12-14 12:00:00 AM,350.033899024683
2018-12-15 12:00:00 AM,349.759936177404
2018-12-16 12:00:00 AM,349.737299852881
2018-12-17 12:00:00 AM,349.933776480891
2018-12-18 12:00:00 AM,350.241983557485
2018-12-19 12:00:00 AM,350.507065353028
2018-12-20 12:00:00 AM,350.567184705866
2018-12-21 12:00:00 AM,350.296779626643
2018-12-22 12:00:00 AM,349.641813838481
2018-12-23 12:00:00 AM,348.638158542111
2018-12-24 12:00:00 AM,347.408334611912
2018-12-25 12:00:00 AM,346.137120581575
2018-12-26 12:00:00 AM,345.031701716595
2018-12-27 12:00:00 AM,344.275833677439
2018-12-28 12:00:00 AM,343.988989993338
2018-12-29 12:00:00 AM,344.200287725805
2018-12-30 12:00:00 AM,344.843425158885
2018-12-31 12:00:00 AM,345.773787316299
2019-01-01 12:00:00 AM,346.803518782088
2019-01-02 12:00:00 AM,347.746035748824
2019-01-03 12:00:00 AM,348.459205598847
2019-01-04 12:00:00 AM,348.876807834464
2019-01-05 12:00:00 AM,349.020806811152
2019-01-06 12:00:00 AM,348.991697511158
2019-01-07 12:00:00 AM,348.939570280106
2019-01-08 12:00:00 AM,349.023259721173
2019-01-09 12:00:00 AM,349.367841486387
2019-01-10 12:00:00 AM,350.031110062719
2019-01-11 12:00:00 AM,350.987422597314
2019-01-12 12:00:00 AM,352.132981816062
2019-01-13 12:00:00 AM,353.311314637648
2019-01-14 12:00:00 AM,354.35268801862
2019-01-15 12:00:00 AM,355.117722128541
2019-01-16 12:00:00 AM,355.534369823417
2019-01-17 12:00:00 AM,355.619001657777
2019-01-18 12:00:00 AM,355.476186252875
2019-01-19 12:00:00 AM,355.276946525965
2019-01-20 12:00:00 AM,355.220533826931
2019-01-21 12:00:00 AM,355.488806764378
2019-01-22 12:00:00 AM,356.20413860123
2019-01-23 12:00:00 AM,357.400955177767
2019-01-24 12:00:00 AM,359.017723057661
2019-01-25 12:00:00 AM,360.911265245201
2019-01-26 12:00:00 AM,362.889885495651
2019-01-27 12:00:00 AM,364.757248839066
2019-01-28 12:00:00 AM,366.356401002048
2019-01-29 12:00:00 AM,367.603336716128
2019-01-30 12:00:00 AM,368.502135990089
2019-01-31 12:00:00 AM,369.138236402968
2019-02-01 12:00:00 AM,369.651782361625
2019-02-02 12:00:00 AM,370.197872357961
2019-02-03 12:00:00 AM,370.903717583185
2019-02-04 12:00:00 AM,371.833449148258
2019-02-05 12:00:00 AM,372.969391346769
2019-02-06 12:00:00 AM,374.21452778564
2019-02-07 12:00:00 AM,375.415630927032
2019-02-08 12:00:00 AM,376.401394667757
2019-02-09 12:00:00 AM,377.026164631975
2019-02-10 12:00:00 AM,377.208423128604
2019-02-11 12:00:00 AM,376.954411319674
2019-02-12 12:00:00 AM,376.360863551101
2019-02-13 12:00:00 AM,375.595911280249
2019-02-14 12:00:00 AM,374.862544119976
2019-02-15 12:00:00 AM,374.353289074823
2019-02-16 12:00:00 AM,374.206939527503
2019-02-17 12:00:00 AM,374.477700231378
2019-02-18 12:00:00 AM,375.124125105727
2019-02-19 12:00:00 AM,376.02043979399
2019-02-20 12:00:00 AM,376.987428423961
2019-02-21 12:00:00 AM,377.835344752114
2019-02-22 12:00:00 AM,378.408432933207
2019-02-23 12:00:00 AM,378.62031213684
2019-02-24 12:00:00 AM,378.471769271099
2019-02-25 12:00:00 AM,378.046851191237
2019-02-26 12:00:00 AM,377.488485160279
2019-02-27 12:00:00 AM,376.959875694514
2019-02-28 12:00:00 AM,376.601397900536
2019-03-01 12:00:00 AM,376.493782566477
2019-03-02 12:00:00 AM,376.636805057903
2019-03-03 12:00:00 AM,376.948838745293
2019-03-04 12:00:00 AM,377.287460609557
2019-03-05 12:00:00 AM,377.486072375373
2019-03-06 12:00:00 AM,377.397508418445
2019-03-07 12:00:00 AM,376.933823570659
2019-03-08 12:00:00 AM,376.092329328308
2019-03-09 12:00:00 AM,374.96126524137
2019-03-10 12:00:00 AM,373.703444016902
2019-03-11 12:00:00 AM,372.521583886213
2019-03-12 12:00:00 AM,371.613525203169
2019-03-13 12:00:00 AM,371.128022413697
2019-03-14 12:00:00 AM,371.131695770918
2019-03-15 12:00:00 AM,371.595043552717
2019-03-16 12:00:00 AM,372.400809163677
2019-03-17 12:00:00 AM,373.372592509916
2019-03-18 12:00:00 AM,374.31671060268
2019-03-19 12:00:00 AM,375.067139967882
2019-03-20 12:00:00 AM,375.522685471922
2019-03-21 12:00:00 AM,375.667481008103
2019-03-22 12:00:00 AM,375.570053543522
2019-03-23 12:00:00 AM,375.361460367878
2019-03-24 12:00:00 AM,375.198145890654
2019-03-25 12:00:00 AM,375.218900648822
2019-03-26 12:00:00 AM,375.50672686579
2019-03-27 12:00:00 AM,376.065175268094
2019-03-28 12:00:00 AM,376.815122808601
2019-03-29 12:00:00 AM,377.612893877887
2019-03-30 12:00:00 AM,378.285332959791
2019-03-31 12:00:00 AM,378.673215068017
2019-04-01 12:00:00 AM,378.672269681564
2019-04-02 12:00:00 AM,378.261615292888
2019-04-03 12:00:00 AM,377.512431305463
2019-04-04 12:00:00 AM,376.574493344818
2019-04-05 12:00:00 AM,375.643594440705
2019-04-06 12:00:00 AM,374.917548197731
2019-04-07 12:00:00 AM,374.551277081741
2019-04-08 12:00:00 AM,374.621741326267
2019-04-09 12:00:00 AM,375.111098144402
2019-04-10 12:00:00 AM,375.912073445142
2019-04-11 12:00:00 AM,376.854154732672
2019-04-12 12:00:00 AM,377.744185910628
2019-04-13 12:00:00 AM,378.411489008586
2019-04-14 12:00:00 AM,378.746596101521
2019-04-15 12:00:00 AM,378.724297821372
2019-04-16 12:00:00 AM,378.405601810944
2019-04-17 12:00:00 AM,377.918390640368
2019-04-18 12:00:00 AM,377.421799841282
2019-04-19 12:00:00 AM,377.06332101802
2019-04-20 12:00:00 AM,376.939397023426
2019-04-21 12:00:00 AM,377.069385664862
2019-04-22 12:00:00 AM,377.389445507143
2019-04-23 12:00:00 AM,377.767958647172
2019-04-24 12:00:00 AM,378.038763730666
2019-04-25 12:00:00 AM,378.044039958011
2019-04-26 12:00:00 AM,377.676249012295
2019-04-27 12:00:00 AM,376.90870695173
2019-04-28 12:00:00 AM,375.807085721247
2019-04-29 12:00:00 AM,374.518769671728
2019-04-30 12:00:00 AM,373.242386437777
2019-05-01 12:00:00 AM,372.184674788872
2019-05-02 12:00:00 AM,371.514959486182
2019-05-03 12:00:00 AM,371.328113505456
2019-05-04 12:00:00 AM,371.624850293298
2019-05-05 12:00:00 AM,372.313999434604
2019-05-06 12:00:00 AM,373.236100614401
2019-05-07 12:00:00 AM,374.202501301269
2019-05-08 12:00:00 AM,375.040419642373
2019-05-09 12:00:00 AM,375.633042992572
2019-05-10 12:00:00 AM,375.945010642107
2019-05-11 12:00:00 AM,376.027259901248
2019-05-12 12:00:00 AM,376.000305678756
2019-05-13 12:00:00 AM,376.020326280997
2019-05-14 12:00:00 AM,376.23664276721
2019-05-15 12:00:00 AM,376.751273677999
2019-05-16 12:00:00 AM,377.590709331527
2019-05-17 12:00:00 AM,378.697013644691
2019-05-18 12:00:00 AM,379.940572743843
2019-05-19 12:00:00 AM,381.151444452151
2019-05-20 12:00:00 AM,382.161638724869
2019-05-21 12:00:00 AM,382.847912715347
2019-05-22 12:00:00 AM,383.16447216444
2019-05-23 12:00:00 AM,383.157384324655
2019-05-24 12:00:00 AM,382.95693934125
2019-05-25 12:00:00 AM,382.749564746146
2019-05-26 12:00:00 AM,382.735889230262
2019-05-27 12:00:00 AM,383.084945984964
2019-05-28 12:00:00 AM,383.895471493426
2019-05-29 12:00:00 AM,385.17355507171
2019-05-30 12:00:00 AM,386.831941841833
2019-05-31 12:00:00 AM,388.711051812689
2019-06-01 12:00:00 AM,390.616529520127
2019-06-02 12:00:00 AM,392.36416297515
2019-06-03 12:00:00 AM,393.821276486908
2019-06-04 12:00:00 AM,394.934629546652
2019-06-05 12:00:00 AM,395.738212310394
2019-06-06 12:00:00 AM,396.339291697932
2019-06-07 12:00:00 AM,396.886412939846
2019-06-08 12:00:00 AM,397.527487883207
2019-06-09 12:00:00 AM,398.368519208798
2019-06-10 12:00:00 AM,399.44332749062
2019-06-11 12:00:00 AM,400.701911959421
2019-06-12 12:00:00 AM,402.020458363016
2019-06-13 12:00:00 AM,403.230642329027
2019-06-14 12:00:00 AM,404.161081625841
2019-06-15 12:00:00 AM,404.680743983093
2019-06-16 12:00:00 AM,404.733569020332
2019-06-17 12:00:00 AM,404.355651756312
2019-06-18 12:00:00 AM,403.670553466018
2019-06-19 12:00:00 AM,402.863623635352
2019-06-20 12:00:00 AM,402.14133464597
2019-06-21 12:00:00 AM,401.685296807638
2019-06-22 12:00:00 AM,401.611938043845
2019-06-23 12:00:00 AM,401.947476633412
2019-06-24 12:00:00 AM,402.624116936411
2019-06-25 12:00:00 AM,403.498259641928
2019-06-26 12:00:00 AM,404.386194233021
2019-06-27 12:00:00 AM,405.108531430168
2019-06-28 12:00:00 AM,405.532563726623
2019-06-29 12:00:00 AM,405.602315139683
2019-06-30 12:00:00 AM,405.349112606467
2019-07-01 12:00:00 AM,404.880325547026
2019-07-02 12:00:00 AM,404.349295548251
2019-07-03 12:00:00 AM,403.914096920829
2019-07-04 12:00:00 AM,403.695499364547
2019-07-05 12:00:00 AM,403.744677873036
2019-07-06 12:00:00 AM,404.028791059226
2019-07-07 12:00:00 AM,404.438123062762
2019-07-08 12:00:00 AM,404.813142911012
2019-07-09 12:00:00 AM,404.984890190944
2019-07-10 12:00:00 AM,404.818762092716
2019-07-11 12:00:00 AM,404.250874927326
2019-07-12 12:00:00 AM,403.307928210371
2019-07-13 12:00:00 AM,402.105485564739
2019-07-14 12:00:00 AM,400.824831366356
2019-07-15 12:00:00 AM,399.673783634036
2019-07-16 12:00:00 AM,398.840765226479
2019-07-17 12:00:00 AM,398.453097262358
2019-07-18 12:00:00 AM,398.549473294499
2019-07-19 12:00:00 AM,399.073144599661
2019-07-20 12:00:00 AM,399.887332680334
2019-07-21 12:00:00 AM,400.809008950266
2019-07-22 12:00:00 AM,401.652755849297
2019-07-23 12:00:00 AM,402.274027544861
2019-07-24 12:00:00 AM,402.601344178462
2019-07-25 12:00:00 AM,402.649724282949
2019-07-26 12:00:00 AM,402.512303452457
2019-07-27 12:00:00 AM,402.332463682475
2019-07-28 12:00:00 AM,402.263588548657
2019-07-29 12:00:00 AM,402.426590477982
2019-07-30 12:00:00 AM,402.875885611303
2019-07-31 12:00:00 AM,403.582390610351
2019-08-01 12:00:00 AM,404.437900704992
2019-08-02 12:00:00 AM,405.279914241844
2019-08-03 12:00:00 AM,405.930895801655
2019-08-04 12:00:00 AM,406.242363837644
2019-08-05 12:00:00 AM,406.132937029206
2019-08-06 12:00:00 AM,405.610886959755
2019-08-07 12:00:00 AM,404.77548129892
2019-08-08 12:00:00 AM,403.796550042164
2019-08-09 12:00:00 AM,402.877009755851
2019-08-10 12:00:00 AM,402.207240771269
2019-08-11 12:00:00 AM,401.922212102049
2019-08-12 12:00:00 AM,402.07159855657
2019-08-13 12:00:00 AM,402.609991888933
2019-08-14 12:00:00 AM,403.409439916007
2019-08-15 12:00:00 AM,404.29114293841
2019-08-16 12:00:00 AM,405.068514916962
2019-08-17 12:00:00 AM,405.591105019627
2019-08-18 12:00:00 AM,405.778732932124
2019-08-19 12:00:00 AM,405.637649286979
2019-08-20 12:00:00 AM,405.25498506097
2019-08-21 12:00:00 AM,404.773107473387
2019-08-22 12:00:00 AM,404.350441631853
2019-08-23 12:00:00 AM,404.118635608029
2019-08-24 12:00:00 AM,404.146828974302
2019-08-25 12:00:00 AM,404.422015814389
2019-08-26 12:00:00 AM,404.850507745574
2019-08-27 12:00:00 AM,405.280279067485
2019-08-28 12:00:00 AM,405.538797149942
2019-08-29 12:00:00 AM,405.477078634727
2019-08-30 12:00:00 AM,405.009115984313
2019-08-31 12:00:00 AM,404.136884514903
2019-09-01 12:00:00 AM,402.954610555278
2019-09-02 12:00:00 AM,401.631010739243
2019-09-03 12:00:00 AM,400.373572253694
2019-09-04 12:00:00 AM,399.383323912631
2019-09-05 12:00:00 AM,398.810876856787
2019-09-06 12:00:00 AM,398.724221236861
2019-09-07 12:00:00 AM,399.095921896006
2019-09-08 12:00:00 AM,399.812655832297
2019-09-09 12:00:00 AM,400.704624854597
2019-09-10 12:00:00 AM,401.587579032039
2019-09-11 12:00:00 AM,402.307170768917
2019-09-12 12:00:00 AM,402.774859588184
2019-09-13 12:00:00 AM,402.986722004552
2019-09-14 12:00:00 AM,403.020762659133
2019-09-15 12:00:00 AM,403.013630203333
2019-09-16 12:00:00 AM,403.122712197537
2019-09-17 12:00:00 AM,403.483174325492
2019-09-18 12:00:00 AM,404.170740656177
2019-09-19 12:00:00 AM,405.179582452176
2019-09-20 12:00:00 AM,406.420944553246
2019-09-21 12:00:00 AM,407.743008433346
2019-09-22 12:00:00 AM,408.967228911146
2019-09-23 12:00:00 AM,409.932279438957
2019-09-24 12:00:00 AM,410.534807504142
2019-09-25 12:00:00 AM,410.756914697568
2019-09-26 12:00:00 AM,410.673465089259
2019-09-27 12:00:00 AM,410.437213709103
2019-09-28 12:00:00 AM,410.245140520622
2019-09-29 12:00:00 AM,410.29395606281
2019-09-30 12:00:00 AM,410.735392695167
2019-10-01 12:00:00 AM,411.641962091334
2019-10-02 12:00:00 AM,412.991328108241
2019-10-03 12:00:00 AM,414.6729323336
2019-10-04 12:00:00 AM,416.515119336099
2019-10-05 12:00:00 AM,418.326056089726
2019-10-06 12:00:00 AM,419.938433696102
2019-10-07 12:00:00 AM,421.247084538955
2019-10-08 12:00:00 AM,422.230449336386
2019-10-09 12:00:00 AM,422.950841070356
2019-10-10 12:00:00 AM,423.533690465551
2019-10-11 12:00:00 AM,424.131135323545
2019-10-12 12:00:00 AM,424.879163967837
2019-10-13 12:00:00 AM,425.859098277848
2019-10-14 12:00:00 AM,427.073118771593
2019-10-15 12:00:00 AM,428.440059331044
2019-10-16 12:00:00 AM,429.812685453991
2019-10-17 12:00:00 AM,431.012347991542
2019-10-18 12:00:00 AM,431.87258095758
2019-10-19 12:00:00 AM,432.280949903849
2019-10-20 12:00:00 AM,432.208814781014
2019-10-21 12:00:00 AM,431.72156495497
2019-10-22 12:00:00 AM,430.966609590621
2019-10-23 12:00:00 AM,430.141810342644
2019-10-24 12:00:00 AM,429.451804750445
2019-10-25 12:00:00 AM,429.06262376045
2019-10-26 12:00:00 AM,429.065432451324
2019-10-27 12:00:00 AM,429.458014563717
2019-10-28 12:00:00 AM,430.148317951795
2019-10-29 12:00:00 AM,430.979030668845
2019-10-30 12:00:00 AM,431.767071950658
2019-10-31 12:00:00 AM,432.3483000151
2019-11-01 12:00:00 AM,432.616532138312
2019-11-02 12:00:00 AM,432.547432894848
2019-11-03 12:00:00 AM,432.201591996031
2019-11-04 12:00:00 AM,431.706258131417
2019-11-05 12:00:00 AM,431.22045685922
2019-11-06 12:00:00 AM,430.892308448151
2019-11-07 12:00:00 AM,430.819273574519
2019-11-08 12:00:00 AM,431.02132265483
2019-11-09 12:00:00 AM,431.433828534217
2019-11-10 12:00:00 AM,431.922106727993
2019-11-11 12:00:00 AM,432.314168997752
2019-11-12 12:00:00 AM,432.443730262981
2019-11-13 12:00:00 AM,432.192927882008
2019-11-14 12:00:00 AM,431.524212456372
2019-11-15 12:00:00 AM,430.49345484068
2019-11-16 12:00:00 AM,429.240856016052
2019-11-17 12:00:00 AM,427.961636411073
2019-11-18 12:00:00 AM,426.863402273692
2019-11-19 12:00:00 AM,426.120335837729
2019-11-20 12:00:00 AM,425.835138613237
2019-11-21 12:00:00 AM,426.017781296115
2019-11-22 12:00:00 AM,426.586037475817
2019-11-23 12:00:00 AM,427.38749722123
2019-11-24 12:00:00 AM,428.237560568871
2019-11-25 12:00:00 AM,428.964068273858
2019-11-26 12:00:00 AM,429.447674485766
2019-11-27 12:00:00 AM,429.648179029515
2019-11-28 12:00:00 AM,429.610538908607
2019-11-29 12:00:00 AM,429.449308191849
2019-11-30 12:00:00 AM,429.31557788688
2019-12-01 12:00:00 AM,429.354797143143
2019-12-02 12:00:00 AM,429.666097477279
2019-12-03 12:00:00 AM,430.273363711643
2019-12-04 12:00:00 AM,431.11539215198
2019-12-05 12:00:00 AM,432.057760692664
2019-12-06 12:00:00 AM,432.923664268102
2019-12-07 12:00:00 AM,433.536260864663
2019-12-08 12:00:00 AM,433.762184897828
2019-12-09 12:00:00 AM,433.545527651545
2019-12-10 12:00:00 AM,432.923850488538
2019-12-11 12:00:00 AM,432.022135049756
2019-12-12 12:00:00 AM,431.025927161483
2019-12-13 12:00:00 AM,430.139990199418
2019-12-14 12:00:00 AM,429.542312732639
2019-12-15 12:00:00 AM,429.34445147575
2019-12-16 12:00:00 AM,429.567655781765
2019-12-17 12:00:00 AM,430.140388850551
2019-12-18 12:00:00 AM,430.917669433595
2019-12-19 12:00:00 AM,431.717374176801
2019-12-20 12:00:00 AM,432.364554824666
2019-12-21 12:00:00 AM,432.732932547606
2019-12-22 12:00:00 AM,432.773492497837
2019-12-23 12:00:00 AM,432.523324735862
2019-12-24 12:00:00 AM,432.092749761585
2019-12-25 12:00:00 AM,431.634126804244
2019-12-26 12:00:00 AM,431.300255773283
2019-12-27 12:00:00 AM,431.202842699149
2019-12-28 12:00:00 AM,431.381476357074
2019-12-29 12:00:00 AM,431.790966349446
2019-12-30 12:00:00 AM,432.310357590437
2019-12-31 12:00:00 AM,432.771575705687
2020-01-01 12:00:00 AM,433.000787990661
2020-01-02 12:00:00 AM,432.862381450546
2020-01-03 12:00:00 AM,432.294746679665
2020-01-04 12:00:00 AM,431.328992840133
2020-01-05 12:00:00 AM,430.085834908822
2020-01-06 12:00:00 AM,428.751185824801
2020-01-07 12:00:00 AM,427.536160879602
2020-01-08 12:00:00 AM,426.630995092746
2020-01-09 12:00:00 AM,426.163859059001
2020-01-10 12:00:00 AM,426.174371666211
2020-01-11 12:00:00 AM,426.608039055502
2020-01-12 12:00:00 AM,427.332770259571
2020-01-13 12:00:00 AM,428.173271884459
2020-01-14 12:00:00 AM,428.954812898013
2020-01-15 12:00:00 AM,429.545627567643
2020-01-16 12:00:00 AM,429.887629777356
2020-01-17 12:00:00 AM,430.008041762529
2020-01-18 12:00:00 AM,430.009273261598
2020-01-19 12:00:00 AM,430.039760741231
2020-01-20 12:00:00 AM,430.253172098167
2020-01-21 12:00:00 AM,430.766248339127
2020-01-22 12:00:00 AM,431.625887434054
2020-01-23 12:00:00 AM,432.793795175187
2020-01-24 12:00:00 AM,434.152692894861
2020-01-25 12:00:00 AM,435.532745789723
2020-01-26 12:00:00 AM,436.75186539965
2020-01-27 12:00:00 AM,437.660075874613
2020-01-28 12:00:00 AM,438.177068289827
2020-01-29 12:00:00 AM,438.313665656507
2020-01-30 12:00:00 AM,438.171796395515
2020-01-31 12:00:00 AM,437.922781115157
2020-02-01 12:00:00 AM,437.769005099965
2020-02-02 12:00:00 AM,437.898089917308
2020-02-03 12:00:00 AM,438.440504285649
2020-02-04 12:00:00 AM,439.44072020322
2020-02-05 12:00:00 AM,440.848729077867
2020-02-06 12:00:00 AM,442.53378852223
2020-02-07 12:00:00 AM,444.316881577802
2020-02-08 12:00:00 AM,446.013852494334
2020-02-09 12:00:00 AM,447.478638977566
2020-02-10 12:00:00 AM,448.636068653934
2020-02-11 12:00:00 AM,449.496311279487
2020-02-12 12:00:00 AM,450.147631317303
2020-02-13 12:00:00 AM,450.729449356937
2020-02-14 12:00:00 AM,451.392579041343
2020-02-15 12:00:00 AM,452.256666945364
2020-02-16 12:00:00 AM,453.375551038065
2020-02-17 12:00:00 AM,454.719300231515
2020-02-18 12:00:00 AM,456.177582118734
2020-02-19 12:00:00 AM,457.583737816019
2020-02-20 12:00:00 AM,458.753814495369
2020-02-21 12:00:00 AM,459.531076872262
2020-02-22 12:00:00 AM,459.825105757072
2020-02-23 12:00:00 AM,459.635845140099
2020-02-24 12:00:00 AM,459.056576669583
2020-02-25 12:00:00 AM,458.254900253674
2020-02-26 12:00:00 AM,457.436136851247
2020-02-27 12:00:00 AM,456.797840421852
2020-02-28 12:00:00 AM,456.486266781243
2020-02-29 12:00:00 AM,456.565169659596
2020-03-01 12:00:00 AM,457.004295331949
2020-03-02 12:00:00 AM,457.690159801206
2020-03-03 12:00:00 AM,458.456286556853
2020-03-04 12:00:00 AM,459.125378884816
2020-03-05 12:00:00 AM,459.553046518079
2020-03-06 12:00:00 AM,459.662396694275
2020-03-07 12:00:00 AM,459.461105870622
2020-03-08 12:00:00 AM,459.036941505313
2020-03-09 12:00:00 AM,458.533033696714
2020-03-10 12:00:00 AM,458.1091956627
2020-03-11 12:00:00 AM,457.899033516188
2020-03-12 12:00:00 AM,457.973625365127
2020-03-13 12:00:00 AM,458.320932377053
2020-03-14 12:00:00 AM,458.846226646777
2020-03-15 12:00:00 AM,459.393633520841
2020-03-16 12:00:00 AM,459.783662032915
2020-03-17 12:00:00 AM,459.85761867072
2020-03-18 12:00:00 AM,459.518044841136
2020-03-19 12:00:00 AM,458.755221077504
2020-03-20 12:00:00 AM,457.653124620117
2020-03-21 12:00:00 AM,456.373197068946
2020-03-22 12:00:00 AM,455.11966226363
2020-03-23 12:00:00 AM,454.094616407849
2020-03-24 12:00:00 AM,453.4535976173
2020-03-25 12:00:00 AM,453.272223285556
2020-03-26 12:00:00 AM,453.531790143138
2020-03-27 12:00:00 AM,454.127122144048
2020-03-28 12:00:00 AM,454.894551993472
2020-03-29 12:00:00 AM,455.653052283715
2020-03-30 12:00:00 AM,456.248380523574
2020-03-31 12:00:00 AM,456.589436346894
2020-04-01 12:00:00 AM,456.668007551253
2020-04-02 12:00:00 AM,456.55721561231
2020-04-03 12:00:00 AM,456.38924471793
2020-04-04 12:00:00 AM,456.318056510913
2020-04-05 12:00:00 AM,456.476499725045
2020-04-06 12:00:00 AM,456.938610272193
2020-04-07 12:00:00 AM,457.696622821366
2020-04-08 12:00:00 AM,458.658591804011
2020-04-09 12:00:00 AM,459.667436472793
2020-04-10 12:00:00 AM,460.536928021892
2020-04-11 12:00:00 AM,461.095926808014
2020-04-12 12:00:00 AM,461.230088958958
2020-04-13 12:00:00 AM,460.910809757284
2020-04-14 12:00:00 AM,460.204226341339
2020-04-15 12:00:00 AM,459.257920748626
2020-04-16 12:00:00 AM,458.26837031147
2020-04-17 12:00:00 AM,457.436865619191
2020-04-18 12:00:00 AM,456.924414993804
2020-04-19 12:00:00 AM,456.816394962844
2020-04-20 12:00:00 AM,457.105330101757
2020-04-21 12:00:00 AM,457.695773965799
2020-04-22 12:00:00 AM,458.429894066288
2020-04-23 12:00:00 AM,459.127349787872
2020-04-24 12:00:00 AM,459.629616985624
2020-04-25 12:00:00 AM,459.837893796554
2020-04-26 12:00:00 AM,459.73536416875
2020-04-27 12:00:00 AM,459.388492365651
2020-04-28 12:00:00 AM,458.927215016798
2020-04-29 12:00:00 AM,458.509111958467
2020-04-30 12:00:00 AM,458.276593402699
2020-05-01 12:00:00 AM,458.317868131713
2020-05-02 12:00:00 AM,458.641531458516
2020-05-03 12:00:00 AM,459.171259300948
2020-05-04 12:00:00 AM,459.762137721763
2020-05-05 12:00:00 AM,460.234811408077
2020-05-06 12:00:00 AM,460.419211619914
2020-05-07 12:00:00 AM,460.197210692288
2020-05-08 12:00:00 AM,459.533741279384
2020-05-09 12:00:00 AM,458.48867177823
2020-05-10 12:00:00 AM,457.206375014863
2020-05-11 12:00:00 AM,455.885331937